-- Story OS v2 — Seed dataset: "Тайна голубой вазы"
-- Apply AFTER schema.sql to storyos_v2 database.
-- Idempotent: uses ON CONFLICT DO NOTHING on PK.
--
-- UUID legend (prefix → entity type):
--   a0000000-... works
--   b0000000-... manuscripts
--   c0000000-... entities (characters, artifacts, locations)
--   d0000000-... chapters
--   e0000000-... episodes
--   f0000000-... events
--   10000000-... text_blocks
--   20000000-... epistemic_tracks
--   30000000-... epistemic_steps
--   40000000-... evidence_roles
--   50000000-... world_rules
--   60000000-... issues

BEGIN;

-- ============================================================
-- 1. WORKS
-- ============================================================

INSERT INTO works (id, title, author, language, genre, status, created_at, updated_at)
VALUES (
    'a0000000-0000-0000-0000-000000000001',
    'Тайна голубой вазы',
    'Агата Кристи',
    'ru',
    'detective',
    'complete',
    '2026-04-17 12:00:00+00',
    '2026-04-17 12:00:00+00'
)
ON CONFLICT (id) DO NOTHING;


-- ============================================================
-- 2. ENTITIES (characters, artifacts, locations)
--    Must come before chapters (pov_entity_id FK)
-- ============================================================

INSERT INTO entities (id, work_id, type, name, summary, tags, status, importance_tier, extra)
VALUES
-- Characters
(
    'c0000000-0000-0000-0000-000000000001',
    'a0000000-0000-0000-0000-000000000001',
    'character', 'Джек Харингтон',
    'Главный герой, молодой служащий, жертва тщательно организованной манипуляции.',
    ARRAY['главный', 'жертва'],
    'active', 'anchor',
    '{"роль": "главный герой", "мотивация": "избавиться от страха безумия"}'::jsonb
),
(
    'c0000000-0000-0000-0000-000000000002',
    'a0000000-0000-0000-0000-000000000001',
    'character', 'Эмброуз Левингтон',
    'Мошенник, маскирующийся под учёного-психолога. Организатор аферы с вазой.',
    ARRAY['антагонист', 'мошенник'],
    'active', 'anchor',
    '{"роль": "мошенник", "маска": "врачеватель души"}'::jsonb
),
(
    'c0000000-0000-0000-0000-000000000003',
    'a0000000-0000-0000-0000-000000000001',
    'character', 'Фелис Маршо',
    'Соучастница аферы. Изображает медиума с мистическими снами.',
    ARRAY['соучастник'],
    'active', 'anchor',
    '{"роль": "соучастница", "прикрытие": "медиум, видит сны о вазе"}'::jsonb
),
-- Artifacts
(
    'c0000000-0000-0000-0000-000000000004',
    'a0000000-0000-0000-0000-000000000001',
    'artifact', 'Голубая китайская ваза',
    'Уникальная ваза эпохи Мин, ~10 000 фунтов. Единственная реальная цель аферы.',
    ARRAY['ключевой артефакт', 'цель хищения'],
    'active', 'anchor',
    '{"эпоха": "Мин", "стоимость": "~10000 фунтов"}'::jsonb
),
(
    'c0000000-0000-0000-0000-000000000005',
    'a0000000-0000-0000-0000-000000000001',
    'artifact', 'Письмо Левингтона',
    'Единственный явный источник финального объяснения аферы.',
    ARRAY['финальная улика', 'уязвимый источник'],
    'active', 'anchor',
    '{"уязвимость": "нет независимой перекрёстной проверки"}'::jsonb
),
-- Locations
(
    'c0000000-0000-0000-0000-000000000006',
    'a0000000-0000-0000-0000-000000000001',
    'location', 'Поле для гольфа в Стортон Хит',
    'Основная сцена криков и экспериментов. Открытое пространство.',
    ARRAY['ключевая', 'открытое пространство'],
    'active', 'anchor',
    NULL
),
(
    'c0000000-0000-0000-0000-000000000007',
    'a0000000-0000-0000-0000-000000000001',
    'location', 'Хитер Коттедж',
    'Центр загадки. Возможное место старого преступления Тернеров.',
    ARRAY['ключевая', 'закрытое пространство'],
    'active', 'anchor',
    NULL
),
(
    'c0000000-0000-0000-0000-000000000008',
    'a0000000-0000-0000-0000-000000000001',
    'location', 'Отель в Стортон Хит',
    'База Джека. Место развязки: получение письма и встреча с дядей.',
    ARRAY['поддерживающая'],
    'active', 'supporting',
    NULL
)
ON CONFLICT (id) DO NOTHING;


-- ============================================================
-- 3. CHAPTERS
--    Depends on: works, entities (pov_entity_id)
-- ============================================================

INSERT INTO chapters (id, work_id, part_id, title, ordinal, pov_entity_id, summary, status)
VALUES
(
    'd0000000-0000-0000-0000-000000000001',
    'a0000000-0000-0000-0000-000000000001',
    NULL,
    'Глава 1 — Первый крик и знакомство',
    1,
    'c0000000-0000-0000-0000-000000000001',
    'Джек слышит крик, бежит к коттеджу, знакомится с Фелис.',
    'final'
),
(
    'd0000000-0000-0000-0000-000000000002',
    'a0000000-0000-0000-0000-000000000001',
    NULL,
    'Глава 3 — Эксперимент с доктором',
    3,
    'c0000000-0000-0000-0000-000000000001',
    'Левингтон проводит эксперимент. Только Джек слышит крик.',
    'final'
),
(
    'd0000000-0000-0000-0000-000000000003',
    'a0000000-0000-0000-0000-000000000001',
    NULL,
    'Глава 9 — Письмо и развязка',
    9,
    'c0000000-0000-0000-0000-000000000001',
    'Джек читает письмо Левингтона с признанием аферы.',
    'final'
)
ON CONFLICT (id) DO NOTHING;


-- ============================================================
-- 4. EPISODES
--    Depends on: works, chapters
-- ============================================================

INSERT INTO episodes (id, work_id, chapter_id, label, summary, function, importance_tier, ordinal)
VALUES
(
    'e0000000-0000-0000-0000-000000000001',
    'a0000000-0000-0000-0000-000000000001',
    'd0000000-0000-0000-0000-000000000001',
    'Первый крик и знакомство с коттеджем',
    'Джек слышит женский крик, бежит к Хитер Коттеджу, не находит следов.',
    'exposition', 'anchor', 1
),
(
    'e0000000-0000-0000-0000-000000000002',
    'a0000000-0000-0000-0000-000000000001',
    'd0000000-0000-0000-0000-000000000002',
    'Эксперимент с доктором',
    'При Левингтоне крик слышит только Джек. Разговор о психике и медиумизме.',
    'false_lead', 'anchor', 3
),
(
    'e0000000-0000-0000-0000-000000000003',
    'a0000000-0000-0000-0000-000000000001',
    'd0000000-0000-0000-0000-000000000003',
    'Письмо и развязка аферы',
    'Письмо Левингтона с признанием аферы и побега с вазой.',
    'resolution', 'anchor', 9
)
ON CONFLICT (id) DO NOTHING;


-- ============================================================
-- 5. EVENTS
--    Depends on: works, episodes, entities (location_id)
-- ============================================================

INSERT INTO events (id, work_id, name, summary, story_time, episode_id, location_id, status)
VALUES
(
    'f0000000-0000-0000-0000-000000000001',
    'a0000000-0000-0000-0000-000000000001',
    'Первый крик и пустой коттедж',
    'Джек слышит женский крик, бежит к Хитер Коттеджу, не находит следов.',
    '1923-06-01T07:25',
    'e0000000-0000-0000-0000-000000000001',
    'c0000000-0000-0000-0000-000000000006',
    'confirmed'
),
(
    'f0000000-0000-0000-0000-000000000002',
    'a0000000-0000-0000-0000-000000000001',
    'Эксперимент с доктором',
    'При Левингтоне крик слышит только Джек, следует разговор о психике.',
    '1923-06-03T07:25',
    'e0000000-0000-0000-0000-000000000002',
    'c0000000-0000-0000-0000-000000000006',
    'confirmed'
),
(
    'f0000000-0000-0000-0000-000000000003',
    'a0000000-0000-0000-0000-000000000001',
    'Чтение письма Левингтона',
    'Джек читает письмо, где Левингтон признаётся в афере и побеге с вазой.',
    '1923-06-09T10:00',
    'e0000000-0000-0000-0000-000000000003',
    'c0000000-0000-0000-0000-000000000008',
    'confirmed'
)
ON CONFLICT (id) DO NOTHING;


-- ============================================================
-- 6. MANUSCRIPTS
--    Depends on: works
-- ============================================================

INSERT INTO manuscripts (id, work_id, created_at, updated_at)
VALUES (
    'b0000000-0000-0000-0000-000000000001',
    'a0000000-0000-0000-0000-000000000001',
    '2026-04-17 12:00:00+00',
    '2026-04-17 12:00:00+00'
)
ON CONFLICT (id) DO NOTHING;


-- ============================================================
-- 7. TEXT BLOCKS
--    Depends on: manuscripts, chapters
-- ============================================================

INSERT INTO text_blocks (id, manuscript_id, chapter_id, ordinal, content, format, content_hash)
VALUES
(
    '10000000-0000-0000-0000-000000000001',
    'b0000000-0000-0000-0000-000000000001',
    'd0000000-0000-0000-0000-000000000001',
    1,
    'Джек Харингтон играл в гольф на полях Стортон Хит, когда внезапно услышал пронзительный женский крик: «Убивают… помогите!» Он немедленно бросил клюшку и побежал на звук, но у Хитер Коттеджа увидел лишь молодую девушку с фиалками в руках. Никаких следов преступления не было.',
    'plain',
    NULL
),
(
    '10000000-0000-0000-0000-000000000002',
    'b0000000-0000-0000-0000-000000000001',
    'd0000000-0000-0000-0000-000000000002',
    3,
    'Ровно в 7:25 крик раздался снова. Левингтон стоял рядом и не слышал ничего. «Дорогой мой Харингтон,» — сказал он задумчиво, — «вы не сумасшедший. Возможно, вы — медиум, способный воспринимать то, что другим недоступно.»',
    'plain',
    NULL
),
(
    '10000000-0000-0000-0000-000000000003',
    'b0000000-0000-0000-0000-000000000001',
    'd0000000-0000-0000-0000-000000000003',
    9,
    'Служащая протянула конверт. Джек вскрыл его и прочёл: «Дорогой Харингтон, вы стали жертвой тщательно продуманного обмана по последнему слову науки. Ваша голубая ваза уже далеко. Приношу свои извинения. — Левингтон».',
    'plain',
    NULL
)
ON CONFLICT (id) DO NOTHING;


-- ============================================================
-- 8. WORLD RULES
--    Depends on: works, entities (speaker_id)
-- ============================================================

INSERT INTO world_rules (id, work_id, text, summary, rule_type, speaker_id, speaker_role, state, manipulation_use)
VALUES
(
    '50000000-0000-0000-0000-000000000001',
    'a0000000-0000-0000-0000-000000000001',
    'Сверхъестественного не существует, всё подчиняется естественным законам.',
    NULL,
    'epistemic',
    'c0000000-0000-0000-0000-000000000002',
    'deceptive_expert',
    'active',
    'legitimation'
),
(
    '50000000-0000-0000-0000-000000000002',
    'a0000000-0000-0000-0000-000000000001',
    'Психические явления реальны и однажды будут объяснены наукой.',
    NULL,
    'epistemic',
    'c0000000-0000-0000-0000-000000000002',
    'deceptive_expert',
    'active',
    'legitimation'
)
ON CONFLICT (id) DO NOTHING;


-- ============================================================
-- 9. EPISTEMIC TRACKS
--    Depends on: works, entities (subject_id, object_entity_id)
-- ============================================================

INSERT INTO epistemic_tracks (id, work_id, label, subject_id, object_label, object_entity_id, status)
VALUES
(
    '20000000-0000-0000-0000-000000000001',
    'a0000000-0000-0000-0000-000000000001',
    'Происхождение крика',
    'c0000000-0000-0000-0000-000000000001',
    'источник и природа крика в 7:25',
    NULL,
    'closed'
),
(
    '20000000-0000-0000-0000-000000000002',
    'a0000000-0000-0000-0000-000000000001',
    'Роль голубой вазы',
    'c0000000-0000-0000-0000-000000000001',
    'значение и роль голубой вазы в истории',
    'c0000000-0000-0000-0000-000000000004',
    'closed'
)
ON CONFLICT (id) DO NOTHING;


-- ============================================================
-- 10. EPISTEMIC STEPS
--     Depends on: epistemic_tracks, episodes, events
-- ============================================================

INSERT INTO epistemic_steps (id, track_id, step_ordinal, episode_id, event_id, version, epistemic_status)
VALUES
-- Track ET-01: Происхождение крика
(
    '30000000-0000-0000-0000-000000000001',
    '20000000-0000-0000-0000-000000000001',
    1,
    'e0000000-0000-0000-0000-000000000001',
    'f0000000-0000-0000-0000-000000000001',
    'Реальное нападение или убийство рядом с коттеджем.',
    'believed'
),
(
    '30000000-0000-0000-0000-000000000002',
    '20000000-0000-0000-0000-000000000001',
    6,
    'e0000000-0000-0000-0000-000000000002',
    'f0000000-0000-0000-0000-000000000002',
    'Либо я сумасшедший, либо медиум — слышу то, что другим недоступно.',
    'believed'
),
(
    '30000000-0000-0000-0000-000000000003',
    '20000000-0000-0000-0000-000000000001',
    10,
    'e0000000-0000-0000-0000-000000000003',
    'f0000000-0000-0000-0000-000000000003',
    'Крики были частью тщательно организованной аферы.',
    'confirmed'
),
-- Track ET-02: Роль голубой вазы
(
    '30000000-0000-0000-0000-000000000004',
    '20000000-0000-0000-0000-000000000002',
    1,
    'e0000000-0000-0000-0000-000000000002',
    NULL,
    'Голубая ваза — важный образ в снах Фелис, возможный ключ к загадке.',
    'suspected'
),
(
    '30000000-0000-0000-0000-000000000005',
    '20000000-0000-0000-0000-000000000002',
    4,
    'e0000000-0000-0000-0000-000000000003',
    'f0000000-0000-0000-0000-000000000003',
    'Ваза была единственной реальной целью аферы.',
    'confirmed'
)
ON CONFLICT (id) DO NOTHING;


-- ============================================================
-- 11. EVIDENCE ROLES
--     Depends on: works, epistemic_tracks, entities
-- ============================================================

INSERT INTO evidence_roles (id, work_id, track_id, entity_id, entity_type, role_type, epistemic_status, note)
VALUES
(
    '40000000-0000-0000-0000-000000000001',
    'a0000000-0000-0000-0000-000000000001',
    '20000000-0000-0000-0000-000000000002',
    'c0000000-0000-0000-0000-000000000004',
    'artifact',
    'evidence',
    'verified',
    'Ваза прошла путь: неизвестный объект → мистический символ → подтверждённая цель аферы.'
),
(
    '40000000-0000-0000-0000-000000000002',
    'a0000000-0000-0000-0000-000000000001',
    '20000000-0000-0000-0000-000000000001',
    'c0000000-0000-0000-0000-000000000005',
    'artifact',
    'confirmation',
    'verified',
    'Письмо Левингтона — финальное подтверждение версии аферы. Уязвимость: нет перекрёстной проверки.'
)
ON CONFLICT (id) DO NOTHING;


-- ============================================================
-- 12. ISSUES
--     Depends on: works
-- ============================================================

INSERT INTO issues (id, work_id, label, issue_type, severity, description, status)
VALUES
(
    '60000000-0000-0000-0000-000000000001',
    'a0000000-0000-0000-0000-000000000001',
    'Зависимость развязки от одного письма',
    'structural_gap',
    'warning',
    'Почти вся перенастройка знания Джека опирается на один документ без независимой перекрёстной проверки. Теоретически письмо само могло быть частью обмана.',
    'open'
),
(
    '60000000-0000-0000-0000-000000000002',
    'a0000000-0000-0000-0000-000000000001',
    'Неотличимость честных и манипулятивных правил мира',
    'schema_gap',
    'note',
    'На уровне текста «научный» дискурс Левингтона не маркирован как мошеннический до самой развязки. Хороший кейс для анализа: «отделять содержание от риторики».',
    'open'
)
ON CONFLICT (id) DO NOTHING;


-- ============================================================
-- 13. JUNCTION TABLES
-- ============================================================

-- issue_episodes
INSERT INTO issue_episodes (issue_id, episode_id)
VALUES
(
    '60000000-0000-0000-0000-000000000001',
    'e0000000-0000-0000-0000-000000000003'
)
ON CONFLICT DO NOTHING;

-- issue_world_rules
INSERT INTO issue_world_rules (issue_id, world_rule_id)
VALUES
(
    '60000000-0000-0000-0000-000000000002',
    '50000000-0000-0000-0000-000000000001'
),
(
    '60000000-0000-0000-0000-000000000002',
    '50000000-0000-0000-0000-000000000002'
)
ON CONFLICT DO NOTHING;

-- issue_evidence_roles
INSERT INTO issue_evidence_roles (issue_id, evidence_role_id)
VALUES
(
    '60000000-0000-0000-0000-000000000001',
    '40000000-0000-0000-0000-000000000002'
)
ON CONFLICT DO NOTHING;


-- ============================================================
-- 14. ANNOTATIONS
--     Depends on: text_blocks
--     UUID prefix: 70000000-...
--
-- Offsets are character positions within text_block.content:
--   tb-01 (ordinal=1): "Джек Харингтон играл в гольф на полях Стортон Хит..."
--     "Джек Харингтон"  → [0, 14)
--     "Хитер Коттеджа"  → [170, 185)   (approximate — seed purposes)
--   tb-02 (ordinal=3): "Ровно в 7:25 крик раздался снова. Левингтон стоял рядом..."
--     "Левингтон"       → [34, 43)
-- ============================================================

INSERT INTO annotations (id, text_block_id, start_offset, end_offset, annotation_type, note, is_stale)
VALUES
(
    '70000000-0000-0000-0000-000000000001',
    '10000000-0000-0000-0000-000000000001',
    0, 14,
    'mention',
    NULL,
    false
),
(
    '70000000-0000-0000-0000-000000000002',
    '10000000-0000-0000-0000-000000000001',
    170, 185,
    'mention',
    NULL,
    false
),
(
    '70000000-0000-0000-0000-000000000003',
    '10000000-0000-0000-0000-000000000002',
    34, 43,
    'mention',
    NULL,
    false
)
ON CONFLICT (id) DO NOTHING;


-- ============================================================
-- 15. MENTIONS
--     Depends on: annotations, entities
--     UUID prefix: 80000000-...
--
--   annotation 1 → Джек Харингтон  (character, C-01)
--   annotation 2 → Хитер Коттедж   (location,  L-02)
--   annotation 3 → Левингтон       (character, C-02)
-- ============================================================

INSERT INTO mentions (id, annotation_id, entity_id, entity_type, display_text, confidence, source)
VALUES
(
    '80000000-0000-0000-0000-000000000001',
    '70000000-0000-0000-0000-000000000001',
    'c0000000-0000-0000-0000-000000000001',
    'character',
    'Джек Харингтон',
    'high',
    'manual'
),
(
    '80000000-0000-0000-0000-000000000002',
    '70000000-0000-0000-0000-000000000002',
    'c0000000-0000-0000-0000-000000000007',
    'location',
    'Хитер Коттеджа',
    'high',
    'manual'
),
(
    '80000000-0000-0000-0000-000000000003',
    '70000000-0000-0000-0000-000000000003',
    'c0000000-0000-0000-0000-000000000002',
    'character',
    'Левингтон',
    'high',
    'manual'
)
ON CONFLICT (id) DO NOTHING;

COMMIT;
